{"RuleTriggered": 0, "Violations": 0, "Details": {"Network": {"algo-1": {"max": 147276850.92, "p99": 49.49, "p95": 0, "p50": 0, "min": 0}}, "GPU": {"algo-1": {"max": 20.0, "p99": 19.0, "p95": 19.0, "p50": 0, "min": 0}}, "CPU": {"algo-1": {"max": 92.48, "p99": 77.14, "p95": 59.39, "p50": 34.51, "min": 14.72}}, "CPU memory": {"algo-1": {"max": 6.51, "p99": 6.18, "p95": 5.96, "p50": 5.93, "min": 1.68}}, "GPU memory": {"algo-1": {"max": 13.0, "p99": 13.0, "p95": 13.0, "p50": 0, "min": 0}}, "I/O": {"algo-1": {"max": 44.1, "p99": 30.75, "p95": 13.66, "p50": 0, "min": 0}}}, "Datapoints": 2222, "RuleParameters": ""}